{
	"pattrstorage" : 	{
		"name" : "PattrWrapper",
		"slots" : 		{
			"1" : 			{
				"id" : 1,
				"name" : "pst1",
				"data" : 				{
					"b1" : [ 97 ],
					"b2" : [ 27 ],
					"b3" : [ 90 ]
				}

			}
,
			"2" : 			{
				"id" : 2,
				"name" : "pst2",
				"data" : 				{
					"b1" : [ 97 ],
					"b2" : [ 63 ],
					"b3" : [ 102 ]
				}

			}
,
			"3" : 			{
				"id" : 3,
				"name" : "pst3",
				"data" : 				{
					"b1" : [ 96 ],
					"b2" : [ 0 ],
					"b3" : [ 78 ]
				}

			}
,
			"4" : 			{
				"id" : 4,
				"name" : "pst4",
				"data" : 				{
					"b1" : [ 31 ],
					"b2" : [ 83 ],
					"b3" : [ 0 ]
				}

			}
,
			"5" : 			{
				"id" : 5,
				"name" : "pst5",
				"data" : 				{
					"b1" : [ 29 ],
					"b2" : [ 59 ],
					"b3" : [ 0 ]
				}

			}
,
			"6" : 			{
				"id" : 6,
				"name" : "pst6",
				"data" : 				{
					"b1" : [ 41 ],
					"b2" : [ 80 ],
					"b3" : [ 122 ]
				}

			}
,
			"7" : 			{
				"id" : 7,
				"name" : "pst7",
				"data" : 				{
					"b1" : [ 0 ],
					"b2" : [ 74 ],
					"b3" : [ 17 ]
				}

			}

		}

	}

}
