<?xml version="1.0" encoding="utf-8" standalone="yes"?>

<pattrstorage name = "color_ctrl">
	<slot number = "1" name = "green">
		<pattr name = "color" value = "0.150391 0.6875 0. 1." />
		<patcher name = "preset_map">
			<patcher name = "patcher">
				<pattr name = "color_ctrl_map" value = "-1" />
			</patcher>
		</patcher>
	</slot>
	<slot number = "2" name = "purple">
		<pattr name = "color" value = "0.585938 0. 0.75 1." />
		<patcher name = "preset_map">
			<patcher name = "patcher">
				<pattr name = "color_ctrl_map" value = "-1" />
			</patcher>
		</patcher>
	</slot>
	<slot number = "3" name = "rose">
		<pattr name = "color" value = "1. 0.3125 0.957031 1." />
		<patcher name = "preset_map">
			<patcher name = "patcher">
				<pattr name = "color_ctrl_map" value = "-1" />
			</patcher>
		</patcher>
	</slot>
	<slot number = "4" name = "lavande">
		<pattr name = "color" value = "0.589901 0.555147 0.757353 1." />
		<patcher name = "preset_map">
			<patcher name = "patcher">
				<pattr name = "color_ctrl_map" value = "1" />
			</patcher>
		</patcher>
	</slot>
</pattrstorage>

