<?xml version="1.0" encoding="utf-8" standalone="yes"?>

<pattrstorage name = "PattrWrapper">
	<slot number = "1" name = "pst1">
		<pattr name = "b1" value = "97" />
		<pattr name = "b2" value = "27" />
		<pattr name = "b3" value = "90" />
		<patcher name = "sub patch">
			<pattr name = "prestore" value = "" />
		</patcher>
	</slot>
	<slot number = "2" name = "pst2">
		<pattr name = "b1" value = "97" />
		<pattr name = "b2" value = "63" />
		<pattr name = "b3" value = "102" />
		<patcher name = "sub patch">
			<pattr name = "prestore" value = "" />
		</patcher>
	</slot>
	<slot number = "3" name = "pst3">
		<pattr name = "b1" value = "96" />
		<pattr name = "b2" value = "0" />
		<pattr name = "b3" value = "78" />
		<patcher name = "sub patch">
			<pattr name = "prestore" value = "" />
		</patcher>
	</slot>
	<slot number = "4" name = "pst4">
		<pattr name = "b1" value = "31" />
		<pattr name = "b2" value = "83" />
		<pattr name = "b3" value = "0" />
		<patcher name = "sub patch">
			<pattr name = "prestore" value = "" />
		</patcher>
	</slot>
	<slot number = "5" name = "pst5">
		<pattr name = "b1" value = "29" />
		<pattr name = "b2" value = "59" />
		<pattr name = "b3" value = "0" />
		<patcher name = "sub patch">
			<pattr name = "prestore" value = "" />
		</patcher>
	</slot>
	<slot number = "6" name = "pst6">
		<pattr name = "b1" value = "41" />
		<pattr name = "b2" value = "80" />
		<pattr name = "b3" value = "122" />
		<patcher name = "sub patch">
			<pattr name = "prestore" value = "" />
		</patcher>
	</slot>
	<slot number = "7" name = "pst7">
		<pattr name = "b1" value = "0" />
		<pattr name = "b2" value = "74" />
		<pattr name = "b3" value = "17" />
		<patcher name = "sub patch">
			<pattr name = "prestore" value = "" />
		</patcher>
	</slot>
</pattrstorage>

