{
	"pattrstorage" : 	{
		"name" : "A_pst",
		"slots" : 		{
			"1" : 			{
				"id" : 1,
				"name" : "A1",
				"data" : 				{
					"flonum[1]" : [ 0.007 ],
					"flonum[2]" : [ 0.034 ],
					"slider[1]" : [ 56.615383 ],
					"slider[2]" : [ 88.615387 ],
					"test" : [ "/test", 1 ]
				}

			}
,
			"2" : 			{
				"id" : 2,
				"name" : "A2",
				"data" : 				{
					"flonum[1]" : [ 0.007 ],
					"flonum[2]" : [ 0.034 ],
					"slider[1]" : [ 14.769231 ],
					"slider[2]" : [ 23.384615 ],
					"test" : [ "/test", 2 ]
				}

			}
,
			"3" : 			{
				"id" : 3,
				"name" : "A3",
				"data" : 				{
					"flonum[1]" : [ 74.0 ],
					"flonum[2]" : [ 34.0 ],
					"slider[1]" : [ 75.07692 ],
					"slider[2]" : [ 77.53846 ],
					"test" : [ "/test", 1 ]
				}

			}

		}

	}

}
